Workbook

Sheet DonNoiThat
A1: ma_dnt | B1: ngay_giao | C1: ma_nt | D1: so_chiec | E1: ten_noi_that | F1: gia_niem_yet | G1: gia_tri
A2: DNT001 | B2: 2026-01-01 | C2: BG01 | D2: 2 | H2: =VLOOKUP(C2,SanPhamNT!$A$1:$C$8,3,TRUE) -> 2500000 | J2: =D2*H2 -> 5000000
A3: DNT002 | B3: 2026-01-02 | C3: BT01 | D3: 3 | H3: =VLOOKUP(C3,SanPhamNT!$A$1:$C$8,3,TRUE) -> 2500000 | J3: =D3*H3 -> 7500000
A4: DNT003 | B4: 2026-01-03 | C4: KS01 | D4: 2 | H4: =VLOOKUP(C4,SanPhamNT!$A$1:$C$8,3,TRUE) -> 900000 | J4: =D4*H4 -> 1800000
A5: DNT004 | B5: 2026-01-04 | C5: GH01 | D5: 2 | H5: =VLOOKUP(C5,SanPhamNT!$A$1:$C$8,3,TRUE) -> 1200000 | J5: =D5*H5 -> 2400000
A6: DNT005 | B6: 2026-01-05 | C6: DN01 | D6: 4 | H6: =VLOOKUP(C6,SanPhamNT!$A$1:$C$8,3,TRUE) -> 2500000 | J6: =D6*H6 -> 10000000
A7: DNT006 | B7: 2026-01-06 | C7: BG01 | D7: 2 | H7: =VLOOKUP(C7,SanPhamNT!$A$1:$C$8,3,TRUE) -> 2500000 | J7: =D7*H7 -> 5000000
A8: DNT007 | B8: 2026-01-07 | C8: SF01 | D8: 1 | H8: =VLOOKUP(C8,SanPhamNT!$A$1:$C$8,3,TRUE) -> 3500000 | J8: =D8*H8 -> 3500000
A9: DNT008 | B9: 2026-01-08 | C9: GH01 | D9: 5 | H9: =VLOOKUP(C9,SanPhamNT!$A$1:$C$8,3,TRUE) -> 1200000 | J9: =D9*H9 -> 6000000
A10: DNT009 | B10: 2026-01-09 | C10: BG01 | D10: 2 | H10: =VLOOKUP(C10,SanPhamNT!$A$1:$C$8,3,TRUE) -> 2500000 | J10: =D10*H10 -> 5000000
A11: DNT010 | B11: 2026-01-10 | C11: TQ01 | D11: 4 | H11: =VLOOKUP(C11,SanPhamNT!$A$1:$C$8,3,TRUE) -> 1500000 | J11: =D11*H11 -> 6000000
A12: DNT011 | B12: 2026-01-11 | C12: GH01 | D12: 3 | H12: =VLOOKUP(C12,SanPhamNT!$A$1:$C$8,3,TRUE) -> 1200000 | J12: =D12*H12 -> 3600000
A13: DNT012 | B13: 2026-01-12 | C13: BT01 | D13: 4 | H13: =VLOOKUP(C13,SanPhamNT!$A$1:$C$8,3,TRUE) -> 2500000 | J13: =D13*H13 -> 10000000
... A16: DNT015 | B16: 2026-01-15 | C16: KS01 | D16: 4 | H16: =VLOOKUP(C16,SanPhamNT!$A$1:$C$8,3,TRUE) -> 900000 | J16: =D16*H16 -> 3600000

Sheet SanPhamNT
A1: ma_nt | B1: ten_noi_that | C1: gia_niem_yet
A2: BG01 | B2: Ban go lam viec | C2: 2500000
A3: GH01 | B3: Ghe xoay van phong | C3: 1200000
A4: KS01 | B4: Ke sach 5 tang | C4: 900000
A5: TQ01 | B5: Tu quan ao 3 canh | C5: 4500000
A6: SF01 | B6: Sofa don | C6: 3500000
A7: DN01 | B7: Den ngu | C7: 400000
A8: BT01 | B8: Ban tra | C8: 1500000
